id,"name",lat,lng,"created_at","updated_at"
872,"取手",35.89545,140.06284,"2019-11-30 14:05:39","2019-11-30 14:05:39"
873,"三河島",35.73323,139.77676,"2019-11-30 14:05:39","2019-11-30 14:05:39"
874,"品川",35.6288,139.73871,"2019-11-30 14:05:39","2019-11-30 14:05:39"
875,"赤塚",36.38179,140.41529,"2019-11-30 14:05:40","2019-11-30 14:05:40"
876,"荒川沖",36.03071,140.16588,"2019-11-30 14:05:40","2019-11-30 14:05:40"
877,"藤代",35.92059,140.11819,"2019-11-30 14:05:40","2019-11-30 14:05:40"
878,"双葉",37.45388,141.00583,"2019-11-30 14:05:40","2019-11-30 14:05:40"
879,"浜吉田",38.00217,140.8899,"2019-11-30 14:05:40","2019-11-30 14:05:40"
880,"原ノ町",37.63805,140.97102,"2019-11-30 14:05:40","2019-11-30 14:05:40"
881,"羽鳥",36.24763,140.2867,"2019-11-30 14:05:40","2019-11-30 14:05:40"
882,"広野",37.21143,140.99854,"2019-11-30 14:05:40","2019-11-30 14:05:40"
883,"久ノ浜",37.14255,140.99549,"2019-11-30 14:05:40","2019-11-30 14:05:40"
884,"常陸多賀",36.55205,140.63249,"2019-11-30 14:05:40","2019-11-30 14:05:40"
885,"ひたち野うしく",36.00738,140.15839,"2019-11-30 14:05:40","2019-11-30 14:05:40"
886,"日立",36.59038,140.66165,"2019-11-30 14:05:40","2019-11-30 14:05:40"
887,"石岡",36.19153,140.27948,"2019-11-30 14:05:40","2019-11-30 14:05:40"
888,"磯原",36.79036,140.74608,"2019-11-30 14:05:40","2019-11-30 14:05:40"
889,"磐城太田",37.605,140.99158,"2019-11-30 14:05:40","2019-11-30 14:05:40"
890,"いわき",37.05811,140.89217,"2019-11-30 14:05:40","2019-11-30 14:05:40"
891,"岩間",36.29541,140.27614,"2019-11-30 14:05:40","2019-11-30 14:05:40"
892,"岩沼",38.11188,140.86351,"2019-11-30 14:05:41","2019-11-30 14:05:41"
893,"泉",36.95563,140.85412,"2019-11-30 14:05:41","2019-11-30 14:05:41"
894,"十王",36.67121,140.68581,"2019-11-30 14:05:41","2019-11-30 14:05:41"
895,"偕楽園",36.3729,140.45612,"2019-11-30 14:05:41","2019-11-30 14:05:41"
896,"神立",36.12043,140.24837,"2019-11-30 14:05:41","2019-11-30 14:05:41"
897,"鹿島",37.70277,140.96991,"2019-11-30 14:05:41","2019-11-30 14:05:41"
898,"勝田",36.39401,140.52389,"2019-11-30 14:05:41","2019-11-30 14:05:41"
899,"木戸",37.25754,141.00243,"2019-11-30 14:05:41","2019-11-30 14:05:41"
900,"駒ケ嶺",37.84247,140.92491,"2019-11-30 14:05:41","2019-11-30 14:05:41"
901,"草野",37.07367,140.94688,"2019-11-30 14:05:41","2019-11-30 14:05:41"
902,"南中郷",36.75342,140.72886,"2019-11-30 14:05:41","2019-11-30 14:05:41"
903,"南仙台",38.19715,140.88323,"2019-11-30 14:05:41","2019-11-30 14:05:41"
904,"水戸",36.37068,140.47612,"2019-11-30 14:05:41","2019-11-30 14:05:41"
905,"桃内",37.52862,140.98408,"2019-11-30 14:05:41","2019-11-30 14:05:41"
906,"長町",38.22687,140.886,"2019-11-30 14:05:41","2019-11-30 14:05:41"
907,"勿来",36.88369,140.78635,"2019-11-30 14:05:41","2019-11-30 14:05:41"
908,"浪江",37.49223,140.98964,"2019-11-30 14:05:41","2019-11-30 14:05:41"
909,"名取",38.17299,140.88267,"2019-11-30 14:05:41","2019-11-30 14:05:41"
910,"日立木",37.75581,140.93463,"2019-11-30 14:05:41","2019-11-30 14:05:41"
911,"小高",37.56278,140.99602,"2019-11-30 14:05:41","2019-11-30 14:05:41"
912,"小木津",36.63677,140.67526,"2019-11-30 14:05:41","2019-11-30 14:05:41"
913,"逢隈",38.06772,140.85462,"2019-11-30 14:05:41","2019-11-30 14:05:41"
914,"大甕",36.51289,140.61916,"2019-11-30 14:05:41","2019-11-30 14:05:41"
915,"大野",37.40919,140.98409,"2019-11-30 14:05:41","2019-11-30 14:05:41"
916,"大津港",36.84591,140.77774,"2019-11-30 14:05:41","2019-11-30 14:05:41"
917,"坂元",37.924361,140.901083,"2019-11-30 14:05:41","2019-11-30 14:05:41"
918,"佐貫",35.92961,140.13784,"2019-11-30 14:05:41","2019-11-30 14:05:41"
919,"佐和",36.4304,140.54028,"2019-11-30 14:05:41","2019-11-30 14:05:41"
920,"仙台",38.25992,140.88239,"2019-11-30 14:05:41","2019-11-30 14:05:41"
921,"新地",37.879222,140.925667,"2019-11-30 14:05:41","2019-11-30 14:05:41"
922,"相馬",37.80259,140.92569,"2019-11-30 14:05:41","2019-11-30 14:05:41"
923,"末続",37.17227,140.99576,"2019-11-30 14:05:41","2019-11-30 14:05:41"
924,"太子堂",38.2177,140.88323,"2019-11-30 14:05:41","2019-11-30 14:05:41"
925,"高萩",36.71461,140.71701,"2019-11-30 14:05:41","2019-11-30 14:05:41"
926,"高浜",36.16348,140.2942,"2019-11-30 14:05:41","2019-11-30 14:05:41"
927,"館腰",38.14311,140.88022,"2019-11-30 14:05:41","2019-11-30 14:05:41"
928,"竜田",37.28226,141.0027,"2019-11-30 14:05:41","2019-11-30 14:05:41"
929,"東海",36.4654,140.56583,"2019-11-30 14:05:41","2019-11-30 14:05:41"
930,"富岡",37.33428,141.02288,"2019-11-30 14:05:41","2019-11-30 14:05:41"
931,"友部",36.3504,140.30558,"2019-11-30 14:05:41","2019-11-30 14:05:41"
932,"土浦",36.07853,140.2062,"2019-11-30 14:05:41","2019-11-30 14:05:41"
933,"内郷",37.03589,140.85467,"2019-11-30 14:05:41","2019-11-30 14:05:41"
934,"内原",36.37012,140.35252,"2019-11-30 14:05:41","2019-11-30 14:05:41"
935,"植田",36.9208,140.79652,"2019-11-30 14:05:42","2019-11-30 14:05:42"
936,"牛久",35.97488,140.14061,"2019-11-30 14:05:42","2019-11-30 14:05:42"
937,"亘理",38.03967,140.86129,"2019-11-30 14:05:42","2019-11-30 14:05:42"
938,"山下",37.966083,140.889444,"2019-11-30 14:05:42","2019-11-30 14:05:42"
939,"夜ノ森",37.36586,140.99187,"2019-11-30 14:05:42","2019-11-30 14:05:42"
940,"四ツ倉",37.10228,140.98077,"2019-11-30 14:05:42","2019-11-30 14:05:42"
941,"湯本",37.00673,140.84967,"2019-11-30 14:05:42","2019-11-30 14:05:42"
942,"宝積寺",36.63147,139.97949,"2019-11-30 14:05:43","2019-11-30 14:05:43"
943,"烏山",36.65009,140.15475,"2019-11-30 14:05:43","2019-11-30 14:05:43"
944,"小塙",36.64286,140.11642,"2019-11-30 14:05:43","2019-11-30 14:05:43"
945,"鴻野山",36.66619,140.0517,"2019-11-30 14:05:43","2019-11-30 14:05:43"
946,"仁井田",36.65703,140.02948,"2019-11-30 14:05:43","2019-11-30 14:05:43"
947,"大金",36.65619,140.09559,"2019-11-30 14:05:43","2019-11-30 14:05:43"
948,"下野花岡",36.6498,140.00837,"2019-11-30 14:05:43","2019-11-30 14:05:43"
949,"滝",36.64871,140.13817,"2019-11-30 14:05:43","2019-11-30 14:05:43"
950,"潮来",35.9374,140.54974,"2019-11-30 14:05:43","2019-11-30 14:05:43"
951,"十二橋",35.91733,140.54574,"2019-11-30 14:05:43","2019-11-30 14:05:43"
952,"鹿島サッカースタジアム",35.99251,140.63615,"2019-11-30 14:05:43","2019-11-30 14:05:43"
953,"鹿島神宮",35.9707,140.62599,"2019-11-30 14:05:43","2019-11-30 14:05:43"
954,"香取",35.89768,140.53225,"2019-11-30 14:05:43","2019-11-30 14:05:43"
955,"延方",35.95795,140.58863,"2019-11-30 14:05:43","2019-11-30 14:05:43"
956,"佐原",35.8949,140.49364,"2019-11-30 14:05:43","2019-11-30 14:05:43"
957,"笠幡",35.90737,139.40623,"2019-11-30 14:05:44","2019-11-30 14:05:44"
958,"的場",35.91737,139.4354,"2019-11-30 14:05:44","2019-11-30 14:05:44"
959,"武蔵高萩",35.90154,139.37096,"2019-11-30 14:05:44","2019-11-30 14:05:44"
960,"西川越",35.91904,139.45984,"2019-11-30 14:05:44","2019-11-30 14:05:44"
961,"赤羽",35.77767,139.72093,"2019-11-30 14:05:44","2019-11-30 14:05:44"
962,"浜松町",35.65546,139.75705,"2019-11-30 14:05:44","2019-11-30 14:05:44"
963,"東十条",35.76378,139.72677,"2019-11-30 14:05:44","2019-11-30 14:05:44"
964,"東神奈川",35.4777,139.63317,"2019-11-30 14:05:44","2019-11-30 14:05:44"
965,"本郷台",35.36771,139.54985,"2019-11-30 14:05:44","2019-11-30 14:05:44"
966,"石川町",35.43854,139.64317,"2019-11-30 14:05:44","2019-11-30 14:05:44"
967,"磯子",35.40049,139.61818,"2019-11-30 14:05:44","2019-11-30 14:05:44"
968,"蒲田",35.56214,139.71566,"2019-11-30 14:05:44","2019-11-30 14:05:44"
969,"上中里",35.74684,139.74593,"2019-11-30 14:05:44","2019-11-30 14:05:44"
970,"川口",35.80156,139.71732,"2019-11-30 14:05:44","2019-11-30 14:05:44"
971,"川崎",35.53131,139.69678,"2019-11-30 14:05:44","2019-11-30 14:05:44"
972,"北浦和",35.8721,139.64594,"2019-11-30 14:05:44","2019-11-30 14:05:44"
973,"港南台",35.37521,139.57624,"2019-11-30 14:05:44","2019-11-30 14:05:44"
974,"南浦和",35.84766,139.66899,"2019-11-30 14:05:45","2019-11-30 14:05:45"
975,"根岸",35.41577,139.63595,"2019-11-30 14:05:45","2019-11-30 14:05:45"
976,"西川口",35.81544,139.70399,"2019-11-30 14:05:45","2019-11-30 14:05:45"
977,"大船",35.35383,139.53124,"2019-11-30 14:05:45","2019-11-30 14:05:45"
978,"御徒町",35.70713,139.77454,"2019-11-30 14:05:45","2019-11-30 14:05:45"
979,"大森",35.5888,139.72788,"2019-11-30 14:05:45","2019-11-30 14:05:45"
980,"さいたま新都心",35.89377,139.63344,"2019-11-30 14:05:45","2019-11-30 14:05:45"
981,"蕨",35.82803,139.6905,"2019-11-30 14:05:45","2019-11-30 14:05:45"
982,"新子安",35.48687,139.65401,"2019-11-30 14:05:45","2019-11-30 14:05:45"
983,"新杉田",35.38716,139.61929,"2019-11-30 14:05:45","2019-11-30 14:05:45"
984,"田端",35.7374,139.76149,"2019-11-30 14:05:45","2019-11-30 14:05:45"
985,"田町",35.64574,139.7476,"2019-11-30 14:05:45","2019-11-30 14:05:45"
986,"山手",35.42689,139.6464,"2019-11-30 14:05:45","2019-11-30 14:05:45"
987,"鶴見",35.50826,139.67595,"2019-11-30 14:05:45","2019-11-30 14:05:45"
988,"鶯谷",35.72129,139.77787,"2019-11-30 14:05:45","2019-11-30 14:05:45"
989,"浦和",35.85849,139.65732,"2019-11-30 14:05:45","2019-11-30 14:05:45"
990,"洋光台",35.37855,139.59679,"2019-11-30 14:05:45","2019-11-30 14:05:45"
991,"与野",35.88432,139.63899,"2019-11-30 14:05:45","2019-11-30 14:05:45"
992,"千葉みなと",35.60681,140.10275,"2019-11-30 14:05:45","2019-11-30 14:05:45"
993,"越中島",35.66713,139.79315,"2019-11-30 14:05:45","2019-11-30 14:05:45"
994,"二俣新町",35.69102,139.95925,"2019-11-30 14:05:45","2019-11-30 14:05:45"
995,"市川塩浜",35.6663,139.92314,"2019-11-30 14:05:45","2019-11-30 14:05:45"
996,"稲毛海岸",35.62936,140.07369,"2019-11-30 14:05:45","2019-11-30 14:05:45"
997,"海浜幕張",35.64853,140.04174,"2019-11-30 14:05:45","2019-11-30 14:05:45"
998,"新習志野",35.66714,140.01286,"2019-11-30 14:05:45","2019-11-30 14:05:45"
999,"葛西臨海公園",35.64436,139.86148,"2019-11-30 14:05:45","2019-11-30 14:05:45"
1000,"検見川浜",35.63714,140.05897,"2019-11-30 14:05:45","2019-11-30 14:05:45"
1001,"舞浜",35.63603,139.8837,"2019-11-30 14:05:45","2019-11-30 14:05:45"
1002,"南船橋",35.68158,139.99564,"2019-11-30 14:05:45","2019-11-30 14:05:45"
1003,"新浦安",35.64936,139.91231,"2019-11-30 14:05:45","2019-11-30 14:05:45"
1004,"潮見",35.6588,139.81676,"2019-11-30 14:05:45","2019-11-30 14:05:45"
1005,"蘇我",35.58215,140.13063,"2019-11-30 14:05:45","2019-11-30 14:05:45"
1006,"祇園",35.39133,139.94815,"2019-11-30 14:05:46","2019-11-30 14:05:46"
1007,"東清川",35.38994,139.98565,"2019-11-30 14:05:46","2019-11-30 14:05:46"
1008,"東横田",35.38606,140.03592,"2019-11-30 14:05:46","2019-11-30 14:05:46"
1009,"平山",35.27413,140.06453,"2019-11-30 14:05:46","2019-11-30 14:05:46"
1010,"上総亀山",35.23302,140.08926,"2019-11-30 14:05:46","2019-11-30 14:05:46"
1011,"上総清川",35.39078,139.96537,"2019-11-30 14:05:46","2019-11-30 14:05:46"
1012,"上総松丘",35.25802,140.06398,"2019-11-30 14:05:46","2019-11-30 14:05:46"
1013,"木更津",35.38161,139.92593,"2019-11-30 14:05:46","2019-11-30 14:05:46"
1014,"久留里",35.29551,140.07537,"2019-11-30 14:05:46","2019-11-30 14:05:46"
1015,"馬来田",35.36662,140.05842,"2019-11-30 14:05:46","2019-11-30 14:05:46"
1016,"小櫃",35.32801,140.05981,"2019-11-30 14:05:46","2019-11-30 14:05:46"
1017,"下郡",35.35495,140.05537,"2019-11-30 14:05:47","2019-11-30 14:05:47"
1018,"俵田",35.31461,140.0614,"2019-11-30 14:05:47","2019-11-30 14:05:47"
1019,"横田",35.38606,140.02009,"2019-11-30 14:05:47","2019-11-30 14:05:47"
1020,"小山",36.31261,139.80618,"2019-11-30 14:05:47","2019-11-30 14:05:47"
1021,"府中本町",35.66573,139.47707,"2019-11-30 14:05:47","2019-11-30 14:05:47"
1022,"船橋法典",35.73018,139.96675,"2019-11-30 14:05:47","2019-11-30 14:05:47"
1023,"東川口",35.87516,139.74398,"2019-11-30 14:05:47","2019-11-30 14:05:47"
1024,"東所沢",35.79489,139.51428,"2019-11-30 14:05:47","2019-11-30 14:05:47"
1025,"東浦和",35.86377,139.70426,"2019-11-30 14:05:47","2019-11-30 14:05:47"
1026,"市川大野",35.75518,139.95147,"2019-11-30 14:05:47","2019-11-30 14:05:47"
1027,"北朝霞",35.81544,139.58733,"2019-11-30 14:05:47","2019-11-30 14:05:47"
1028,"北府中",35.68073,139.47179,"2019-11-30 14:05:48","2019-11-30 14:05:48"
1029,"越谷レイクタウン",35.87638,139.82214,"2019-11-30 14:05:48","2019-11-30 14:05:48"
1030,"南越谷",35.876,139.79092,"2019-11-30 14:05:48","2019-11-30 14:05:48"
1031,"南流山",35.83767,139.90397,"2019-11-30 14:05:48","2019-11-30 14:05:48"
1032,"三郷",35.84461,139.88675,"2019-11-30 14:05:48","2019-11-30 14:05:48"
1033,"武蔵浦和",35.846,139.64788,"2019-11-30 14:05:48","2019-11-30 14:05:48"
1034,"新座",35.80378,139.55622,"2019-11-30 14:05:48","2019-11-30 14:05:48"
1035,"西浦和",35.84405,139.6276,"2019-11-30 14:05:48","2019-11-30 14:05:48"
1036,"新三郷",35.85873,139.86932,"2019-11-30 14:05:48","2019-11-30 14:05:48"
1037,"新秋津",35.77822,139.49345,"2019-11-30 14:05:48","2019-11-30 14:05:48"
1038,"新小平",35.731,139.47068,"2019-11-30 14:05:48","2019-11-30 14:05:48"
1039,"新八柱",35.79204,139.93833,"2019-11-30 14:05:48","2019-11-30 14:05:48"
1040,"吉川美南",35.86822,139.85786,"2019-11-30 14:05:48","2019-11-30 14:05:48"
1041,"吉川",35.87655,139.84342,"2019-11-30 14:05:48","2019-11-30 14:05:48"
1042,"浜川崎",35.5102,139.71344,"2019-11-30 14:05:48","2019-11-30 14:05:48"
1043,"八丁畷",35.52298,139.69122,"2019-11-30 14:05:48","2019-11-30 14:05:48"
1044,"川崎新町",35.51798,139.69956,"2019-11-30 14:05:48","2019-11-30 14:05:48"
1045,"小田栄",35.51444,139.70497,"2019-11-30 14:05:48","2019-11-30 14:05:48"
1046,"尻手",35.53075,139.684,"2019-11-30 14:05:48","2019-11-30 14:05:48"
1047,"平間",35.56047,139.67095,"2019-11-30 14:05:50","2019-11-30 14:05:50"
1048,"稲田堤",35.63324,139.53595,"2019-11-30 14:05:50","2019-11-30 14:05:50"
1049,"矢向",35.53936,139.68039,"2019-11-30 14:05:50","2019-11-30 14:05:50"
1050,"稲城長沼",35.64407,139.50235,"2019-11-30 14:05:50","2019-11-30 14:05:50"
1051,"鹿島田",35.55131,139.67483,"2019-11-30 14:05:50","2019-11-30 14:05:50"
1052,"久地",35.60991,139.59317,"2019-11-30 14:05:50","2019-11-30 14:05:50"
1053,"南多摩",35.64907,139.48957,"2019-11-30 14:05:50","2019-11-30 14:05:50"
1054,"向河原",35.57242,139.66733,"2019-11-30 14:05:50","2019-11-30 14:05:50"
1055,"武蔵小杉",35.57562,139.66194,"2019-11-30 14:05:50","2019-11-30 14:05:50"
1056,"武蔵溝ノ口",35.59852,139.6115,"2019-11-30 14:05:50","2019-11-30 14:05:50"
1057,"武蔵中原",35.5813,139.64067,"2019-11-30 14:05:50","2019-11-30 14:05:50"
1058,"武蔵新城",35.58714,139.62928,"2019-11-30 14:05:50","2019-11-30 14:05:50"
1059,"中野島",35.63009,139.55087,"2019-11-30 14:05:50","2019-11-30 14:05:50"
1060,"西国立",35.69351,139.42374,"2019-11-30 14:05:50","2019-11-30 14:05:50"
1061,"西府",35.67069,139.45741,"2019-11-30 14:05:50","2019-11-30 14:05:50"
1062,"登戸",35.62046,139.5704,"2019-11-30 14:05:50","2019-11-30 14:05:50"
1063,"宿河原",35.61519,139.57956,"2019-11-30 14:05:50","2019-11-30 14:05:50"
1064,"津田山",35.60379,139.60057,"2019-11-30 14:05:50","2019-11-30 14:05:50"
1065,"矢川",35.6849,139.43152,"2019-11-30 14:05:50","2019-11-30 14:05:50"
1066,"谷保",35.68129,139.44652,"2019-11-30 14:05:50","2019-11-30 14:05:50"
1067,"矢野口",35.64157,139.5204,"2019-11-30 14:05:50","2019-11-30 14:05:50"
1068,"安食",35.83573,140.24227,"2019-11-30 14:05:51","2019-11-30 14:05:51"
1069,"新木",35.86239,140.10673,"2019-11-30 14:05:51","2019-11-30 14:05:51"
1070,"布佐",35.84934,140.13256,"2019-11-30 14:05:51","2019-11-30 14:05:51"
1071,"東我孫子",35.86878,140.04757,"2019-11-30 14:05:51","2019-11-30 14:05:51"
1072,"木下",35.83879,140.14812,"2019-11-30 14:05:51","2019-11-30 14:05:51"
1073,"小林",35.83073,140.19283,"2019-11-30 14:05:51","2019-11-30 14:05:51"
1074,"湖北",35.86712,140.07784,"2019-11-30 14:05:51","2019-11-30 14:05:51"
1075,"成田",35.77741,140.31338,"2019-11-30 14:05:51","2019-11-30 14:05:51"
1076,"下総松崎",35.80768,140.27727,"2019-11-30 14:05:51","2019-11-30 14:05:51"
1077,"佐倉",35.70964,140.22645,"2019-11-30 14:05:51","2019-11-30 14:05:51"
1078,"銚子",35.72946,140.82731,"2019-11-30 14:05:51","2019-11-30 14:05:51"
1079,"久住",35.83213,140.33866,"2019-11-30 14:05:51","2019-11-30 14:05:51"
1080,"松岸",35.73937,140.79501,"2019-11-30 14:05:52","2019-11-30 14:05:52"
1081,"滑河",35.87684,140.34782,"2019-11-30 14:05:52","2019-11-30 14:05:52"
1082,"小見川",35.84991,140.60419,"2019-11-30 14:05:52","2019-11-30 14:05:52"
1083,"大戸",35.8899,140.45753,"2019-11-30 14:05:52","2019-11-30 14:05:52"
1084,"笹川",35.83936,140.65557,"2019-11-30 14:05:52","2019-11-30 14:05:52"
1085,"椎柴",35.7652,140.75862,"2019-11-30 14:05:52","2019-11-30 14:05:52"
1086,"下総神崎",35.89462,140.41059,"2019-11-30 14:05:52","2019-11-30 14:05:52"
1087,"下総橘",35.81881,140.70196,"2019-11-30 14:05:52","2019-11-30 14:05:52"
1088,"下総豊里",35.79298,140.72057,"2019-11-30 14:05:52","2019-11-30 14:05:52"
1089,"酒々井",35.73186,140.27533,"2019-11-30 14:05:52","2019-11-30 14:05:52"
1090,"水郷",35.88576,140.57006,"2019-11-30 14:05:52","2019-11-30 14:05:52"
1091,"今市",36.72034,139.68729,"2019-11-30 14:05:52","2019-11-30 14:05:52"
1092,"鹿沼",36.57119,139.76284,"2019-11-30 14:05:52","2019-11-30 14:05:52"
1093,"日光",36.74728,139.62201,"2019-11-30 14:05:52","2019-11-30 14:05:52"
1094,"下野大沢",36.68674,139.73228,"2019-11-30 14:05:52","2019-11-30 14:05:52"
1095,"鶴田",36.5382,139.85817,"2019-11-30 14:05:52","2019-11-30 14:05:52"
1096,"文挟",36.63757,139.72756,"2019-11-30 14:05:52","2019-11-30 14:05:52"
1097,"宇都宮",36.5581,139.89798,"2019-11-30 14:05:52","2019-11-30 14:05:52"
1098,"南小谷",36.77445,137.90827,"2019-11-30 14:05:52","2019-11-30 14:05:52"
1099,"昭島",35.71323,139.3618,"2019-11-30 14:05:53","2019-11-30 14:05:53"
1100,"福生",35.74239,139.32763,"2019-11-30 14:05:53","2019-11-30 14:05:53"
1101,"二俣尾",35.80428,139.21584,"2019-11-30 14:05:53","2019-11-30 14:05:53"
1102,"羽村",35.75766,139.31625,"2019-11-30 14:05:53","2019-11-30 14:05:53"
1103,"鳩ノ巣",35.81487,139.12876,"2019-11-30 14:05:53","2019-11-30 14:05:53"
1104,"東中神",35.70628,139.38458,"2019-11-30 14:05:53","2019-11-30 14:05:53"
1105,"東青梅",35.7896,139.27264,"2019-11-30 14:05:53","2019-11-30 14:05:53"
1106,"日向和田",35.78849,139.22959,"2019-11-30 14:05:53","2019-11-30 14:05:53"
1107,"軍畑",35.80766,139.20765,"2019-11-30 14:05:53","2019-11-30 14:05:53"
1108,"石神前",35.79677,139.22508,"2019-11-30 14:05:53","2019-11-30 14:05:53"
1109,"河辺",35.7846,139.28403,"2019-11-30 14:05:53","2019-11-30 14:05:53"
1110,"川井",35.81383,139.16399,"2019-11-30 14:05:53","2019-11-30 14:05:53"
1111,"古里",35.8163,139.15142,"2019-11-30 14:05:53","2019-11-30 14:05:53"
1112,"御嶽",35.80127,139.18237,"2019-11-30 14:05:53","2019-11-30 14:05:53"
1113,"宮ノ平",35.78738,139.23708,"2019-11-30 14:05:53","2019-11-30 14:05:53"
1114,"中神",35.70902,139.37586,"2019-11-30 14:05:53","2019-11-30 14:05:53"
1115,"西立川",35.7035,139.39319,"2019-11-30 14:05:53","2019-11-30 14:05:53"
1116,"奥多摩",35.80932,139.09682,"2019-11-30 14:05:53","2019-11-30 14:05:53"
1117,"青梅",35.79044,139.25792,"2019-11-30 14:05:53","2019-11-30 14:05:53"
1118,"小作",35.77599,139.30208,"2019-11-30 14:05:53","2019-11-30 14:05:53"
1119,"沢井",35.80599,139.19348,"2019-11-30 14:05:53","2019-11-30 14:05:53"
1120,"白丸",35.81187,139.11476,"2019-11-30 14:05:53","2019-11-30 14:05:53"
1121,"牛浜",35.73406,139.33375,"2019-11-30 14:05:53","2019-11-30 14:05:53"
1122,"岩舟",36.3265,139.65786,"2019-11-30 14:05:54","2019-11-30 14:05:54"
1123,"岩宿",36.39592,139.29705,"2019-11-30 14:05:54","2019-11-30 14:05:54"
1124,"桐生",36.41037,139.33316,"2019-11-30 14:05:54","2019-11-30 14:05:54"
1125,"駒形",36.35398,139.13957,"2019-11-30 14:05:54","2019-11-30 14:05:54"
1126,"国定",36.35898,139.24234,"2019-11-30 14:05:54","2019-11-30 14:05:54"
1127,"大平下",36.34427,139.69702,"2019-11-30 14:05:54","2019-11-30 14:05:54"
1128,"前橋大島",36.37073,139.10933,"2019-11-30 14:05:54","2019-11-30 14:05:54"
1129,"前橋",36.38314,139.07263,"2019-11-30 14:05:54","2019-11-30 14:05:54"
1130,"井野",36.35731,139.02291,"2019-11-30 14:05:54","2019-11-30 14:05:54"
1131,"あしかがフラワーパーク",36.31521,139.5186,"2019-11-30 14:05:54","2019-11-30 14:05:54"
1132,"足利",36.33177,139.45621,"2019-11-30 14:05:54","2019-11-30 14:05:54"
1133,"小俣",36.37482,139.37427,"2019-11-30 14:05:54","2019-11-30 14:05:54"
1134,"思川",36.35094,139.78118,"2019-11-30 14:05:54","2019-11-30 14:05:54"
1135,"新前橋",36.37897,139.0468,"2019-11-30 14:05:54","2019-11-30 14:05:54"
1136,"高崎問屋町",36.34592,139.01708,"2019-11-30 14:05:54","2019-11-30 14:05:54"
1137,"富田",36.31622,139.5287,"2019-11-30 14:05:54","2019-11-30 14:05:54"
1138,"山前",36.34732,139.41121,"2019-11-30 14:05:54","2019-11-30 14:05:54"
1139,"厚木",35.44353,139.37847,"2019-11-30 14:05:55","2019-11-30 14:05:55"
1140,"番田",35.54519,139.36292,"2019-11-30 14:05:55","2019-11-30 14:05:55"
1141,"茅ケ崎",35.33051,139.40714,"2019-11-30 14:05:55","2019-11-30 14:05:55"
1142,"海老名",35.45409,139.38931,"2019-11-30 14:05:55","2019-11-30 14:05:55"
1143,"原当麻",35.5288,139.37514,"2019-11-30 14:05:55","2019-11-30 14:05:55"
1144,"門沢橋",35.40659,139.38014,"2019-11-30 14:05:55","2019-11-30 14:05:55"
1145,"香川",35.3566,139.39987,"2019-11-30 14:05:55","2019-11-30 14:05:55"
1146,"上溝",35.55741,139.36292,"2019-11-30 14:05:55","2019-11-30 14:05:55"
1147,"北茅ケ崎",35.33938,139.40737,"2019-11-30 14:05:55","2019-11-30 14:05:55"
1148,"倉見",35.39493,139.37848,"2019-11-30 14:05:55","2019-11-30 14:05:55"
1149,"南橋本",35.58018,139.35236,"2019-11-30 14:05:55","2019-11-30 14:05:55"
1150,"宮山",35.38215,139.37959,"2019-11-30 14:05:55","2019-11-30 14:05:55"
1151,"寒川",35.36743,139.38737,"2019-11-30 14:05:55","2019-11-30 14:05:55"
1152,"社家",35.42048,139.37709,"2019-11-30 14:05:55","2019-11-30 14:05:55"
1153,"下溝",35.51797,139.38042,"2019-11-30 14:05:55","2019-11-30 14:05:55"
1154,"相武台下",35.49269,139.38625,"2019-11-30 14:05:55","2019-11-30 14:05:55"
1155,"板橋",35.7449,139.71899,"2019-11-30 14:05:55","2019-11-30 14:05:55"
1156,"十条",35.76034,139.7222,"2019-11-30 14:05:55","2019-11-30 14:05:55"
1157,"北赤羽",35.78684,139.70566,"2019-11-30 14:05:55","2019-11-30 14:05:55"
1158,"北戸田",35.82683,139.66094,"2019-11-30 14:05:55","2019-11-30 14:05:55"
1159,"北与野",35.89071,139.62844,"2019-11-30 14:05:55","2019-11-30 14:05:55"
1160,"南古谷",35.90349,139.519,"2019-11-30 14:05:55","2019-11-30 14:05:55"
1161,"南与野",35.8671,139.63094,"2019-11-30 14:05:55","2019-11-30 14:05:55"
1162,"中浦和",35.85388,139.63735,"2019-11-30 14:05:55","2019-11-30 14:05:55"
1163,"西大宮",35.92222,139.5797,"2019-11-30 14:05:55","2019-11-30 14:05:55"
1164,"日進",35.93154,139.60594,"2019-11-30 14:05:55","2019-11-30 14:05:55"
1165,"指扇",35.91682,139.56483,"2019-11-30 14:05:55","2019-11-30 14:05:55"
1166,"戸田公園",35.80795,139.67816,"2019-11-30 14:05:56","2019-11-30 14:05:56"
1167,"戸田",35.81767,139.66927,"2019-11-30 14:05:56","2019-11-30 14:05:56"
1168,"浮間舟渡",35.791,139.69121,"2019-11-30 14:05:56","2019-11-30 14:05:56"
1169,"与野本町",35.88071,139.62594,"2019-11-30 14:05:56","2019-11-30 14:05:56"
1170,"松本",36.23035,137.9644,"2019-11-30 14:05:57","2019-11-30 14:05:57"
1171,"東戸塚",35.42965,139.55652,"2019-11-30 14:05:57","2019-11-30 14:05:57"
1172,"保土ケ谷",35.44715,139.60012,"2019-11-30 14:05:57","2019-11-30 14:05:57"
1173,"西大井",35.60075,139.72122,"2019-11-30 14:05:57","2019-11-30 14:05:57"
1174,"新川崎",35.55158,139.6715,"2019-11-30 14:05:57","2019-11-30 14:05:57"
1175,"馬喰町",35.69324,139.78232,"2019-11-30 14:05:57","2019-11-30 14:05:57"
1176,"新日本橋",35.68902,139.77424,"2019-11-30 14:05:58","2019-11-30 14:05:58"
1177,"榎戸",35.68409,140.28783,"2019-11-30 14:05:58","2019-11-30 14:05:58"
1178,"旭",35.72187,140.65502,"2019-11-30 14:05:58","2019-11-30 14:05:58"
1179,"東千葉",35.61715,140.12229,"2019-11-30 14:05:58","2019-11-30 14:05:58"
1180,"干潟",35.71826,140.60308,"2019-11-30 14:05:58","2019-11-30 14:05:58"
1181,"日向",35.62826,140.36227,"2019-11-30 14:05:58","2019-11-30 14:05:58"
1182,"飯倉",35.68493,140.52115,"2019-11-30 14:05:58","2019-11-30 14:05:58"
1183,"飯岡",35.72937,140.68335,"2019-11-30 14:05:58","2019-11-30 14:05:58"
1184,"倉橋",35.7377,140.71391,"2019-11-30 14:05:58","2019-11-30 14:05:58"
1185,"松尾",35.63632,140.4581,"2019-11-30 14:05:58","2019-11-30 14:05:58"
1186,"南酒々井",35.70436,140.26783,"2019-11-30 14:05:58","2019-11-30 14:05:58"
1187,"物井",35.68575,140.20034,"2019-11-30 14:05:58","2019-11-30 14:05:58"
1188,"成東",35.60854,140.41005,"2019-11-30 14:05:58","2019-11-30 14:05:58"
1189,"猿田",35.74715,140.73724,"2019-11-30 14:05:58","2019-11-30 14:05:58"
1190,"都賀",35.63603,140.14896,"2019-11-30 14:05:58","2019-11-30 14:05:58"
1191,"八街",35.66326,140.31728,"2019-11-30 14:05:58","2019-11-30 14:05:58"
1192,"八日市場",35.69909,140.55225,"2019-11-30 14:05:58","2019-11-30 14:05:58"
1193,"横芝",35.66159,140.49059,"2019-11-30 14:05:58","2019-11-30 14:05:58"
1194,"四街道",35.6627,140.16479,"2019-11-30 14:05:58","2019-11-30 14:05:58"
1195,"安房天津",35.12581,140.15481,"2019-11-30 14:05:59","2019-11-30 14:05:59"
1196,"安房鴨川",35.10748,140.10343,"2019-11-30 14:05:59","2019-11-30 14:05:59"
1197,"安房小湊",35.12859,140.18925,"2019-11-30 14:06:00","2019-11-30 14:06:00"
1198,"長者町",35.29587,140.38488,"2019-11-30 14:06:00","2019-11-30 14:06:00"
1199,"本千葉",35.60104,140.12091,"2019-11-30 14:06:00","2019-11-30 14:06:00"
1200,"誉田",35.54688,140.2134,"2019-11-30 14:06:00","2019-11-30 14:06:00"
1201,"本納",35.48217,140.30728,"2019-11-30 14:06:00","2019-11-30 14:06:00"
1202,"鎌取",35.56243,140.1784,"2019-11-30 14:06:00","2019-11-30 14:06:00"
1203,"勝浦",35.15276,140.31202,"2019-11-30 14:06:00","2019-11-30 14:06:00"
1204,"上総一ノ宮",35.37468,140.36534,"2019-11-30 14:06:00","2019-11-30 14:06:00"
1205,"上総興津",35.1372,140.25058,"2019-11-30 14:06:00","2019-11-30 14:06:00"
1206,"三門",35.28275,140.39117,"2019-11-30 14:06:00","2019-11-30 14:06:00"
1207,"茂原",35.42689,140.30395,"2019-11-30 14:06:00","2019-11-30 14:06:00"
1208,"永田",35.50338,140.31109,"2019-11-30 14:06:00","2019-11-30 14:06:00"
1209,"行川アイランド",35.11831,140.22564,"2019-11-30 14:06:00","2019-11-30 14:06:00"
1210,"浪花",35.22247,140.37896,"2019-11-30 14:06:00","2019-11-30 14:06:00"
1211,"大網",35.52216,140.31145,"2019-11-30 14:06:00","2019-11-30 14:06:00"
1212,"大原",35.25108,140.39062,"2019-11-30 14:06:00","2019-11-30 14:06:00"
1213,"御宿",35.18748,140.35146,"2019-11-30 14:06:00","2019-11-30 14:06:00"
1214,"新茂原",35.44939,140.29951,"2019-11-30 14:06:00","2019-11-30 14:06:00"
1215,"太東",35.32004,140.38118,"2019-11-30 14:06:00","2019-11-30 14:06:00"
1216,"土気",35.53086,140.26982,"2019-11-30 14:06:00","2019-11-30 14:06:00"
1217,"東浪見",35.34682,140.37663,"2019-11-30 14:06:00","2019-11-30 14:06:00"
1218,"鵜原",35.14109,140.27869,"2019-11-30 14:06:00","2019-11-30 14:06:00"
1219,"八積",35.40377,140.34556,"2019-11-30 14:06:00","2019-11-30 14:06:00"
1220,"会津若松",37.50887,139.93001,"2019-11-30 14:06:00","2019-11-30 14:06:00"
1221,"安善",35.49965,139.70122,"2019-11-30 14:06:01","2019-11-30 14:06:01"
1222,"大川",35.49548,139.71094,"2019-11-30 14:06:01","2019-11-30 14:06:01"
1223,"上尾",35.97292,139.58871,"2019-11-30 14:06:01","2019-11-30 14:06:01"
1224,"深谷",36.19122,139.28151,"2019-11-30 14:06:01","2019-11-30 14:06:01"
1225,"吹上",36.10263,139.45372,"2019-11-30 14:06:01","2019-11-30 14:06:01"
1226,"行田",36.11374,139.43205,"2019-11-30 14:06:01","2019-11-30 14:06:01"
1227,"本庄",36.23622,139.18818,"2019-11-30 14:06:01","2019-11-30 14:06:01"
1228,"神保原",36.25353,139.1494,"2019-11-30 14:06:01","2019-11-30 14:06:01"
1229,"籠原",36.17428,139.33012,"2019-11-30 14:06:01","2019-11-30 14:06:01"
1230,"北上尾",35.98487,139.57788,"2019-11-30 14:06:01","2019-11-30 14:06:01"
1231,"北鴻巣",36.08541,139.47677,"2019-11-30 14:06:01","2019-11-30 14:06:01"
1232,"北本",36.03208,139.53344,"2019-11-30 14:06:01","2019-11-30 14:06:01"
1233,"鴻巣",36.05902,139.50955,"2019-11-30 14:06:01","2019-11-30 14:06:01"
1234,"熊谷",36.13929,139.39039,"2019-11-30 14:06:01","2019-11-30 14:06:01"
1235,"宮原",35.94015,139.60927,"2019-11-30 14:06:02","2019-11-30 14:06:02"
1236,"岡部",36.20567,139.23735,"2019-11-30 14:06:02","2019-11-30 14:06:02"
1237,"桶川",35.99848,139.56399,"2019-11-30 14:06:02","2019-11-30 14:06:02"
1238,"尾久",35.74657,139.75371,"2019-11-30 14:06:02","2019-11-30 14:06:02"
1239,"新町",36.27288,139.10541,"2019-11-30 14:06:02","2019-11-30 14:06:02"
1240,"福俵",35.54605,140.34145,"2019-11-30 14:06:02","2019-11-30 14:06:02"
1241,"求名",35.57993,140.39616,"2019-11-30 14:06:02","2019-11-30 14:06:02"
1242,"東金",35.55994,140.36339,"2019-11-30 14:06:03","2019-11-30 14:06:03"
1243,"郡山",37.39806,140.38858,"2019-11-30 14:06:03","2019-11-30 14:06:03"
1244,"盛岡",39.70087,141.13619,"2019-11-30 14:06:03","2019-11-30 14:06:03"
1245,"利府",38.32936,140.9846,"2019-11-30 14:06:03","2019-11-30 14:06:03"
1246,"藤沢",35.33799,139.48708,"2019-11-30 14:06:03","2019-11-30 14:06:03"
1247,"早川",35.23855,139.14489,"2019-11-30 14:06:03","2019-11-30 14:06:03"
1248,"平塚",35.32743,139.34904,"2019-11-30 14:06:03","2019-11-30 14:06:03"
1249,"鴨宮",35.27577,139.18017,"2019-11-30 14:06:03","2019-11-30 14:06:03"
1250,"国府津",35.28133,139.21488,"2019-11-30 14:06:03","2019-11-30 14:06:03"
1251,"真鶴",35.15661,139.13212,"2019-11-30 14:06:03","2019-11-30 14:06:03"
1252,"根府川",35.20244,139.1385,"2019-11-30 14:06:03","2019-11-30 14:06:03"
1253,"二宮",35.29855,139.25655,"2019-11-30 14:06:04","2019-11-30 14:06:04"
1254,"小田原",35.25605,139.15572,"2019-11-30 14:06:04","2019-11-30 14:06:04"
1255,"大磯",35.31132,139.31321,"2019-11-30 14:06:04","2019-11-30 14:06:04"
1256,"湯河原",35.14625,139.10206,"2019-11-30 14:06:04","2019-11-30 14:06:04"
1257,"辻堂",35.33688,139.4457,"2019-11-30 14:06:04","2019-11-30 14:06:04"
1258,"浅野",35.49742,139.69539,"2019-11-30 14:06:05","2019-11-30 14:06:05"
1259,"新芝浦",35.49159,139.70011,"2019-11-30 14:06:05","2019-11-30 14:06:05"
1260,"海芝浦",35.48604,139.70039,"2019-11-30 14:06:05","2019-11-30 14:06:05"
1261,"弁天橋",35.49576,139.68928,"2019-11-30 14:06:05","2019-11-30 14:06:05"
1262,"国道",35.50048,139.67567,"2019-11-30 14:06:05","2019-11-30 14:06:05"
1263,"武蔵白石",35.50187,139.7065,"2019-11-30 14:06:05","2019-11-30 14:06:05"
1264,"扇町",35.50159,139.72233,"2019-11-30 14:06:05","2019-11-30 14:06:05"
1265,"昭和",35.50659,139.724,"2019-11-30 14:06:05","2019-11-30 14:06:05"
1266,"鶴見小野",35.49687,139.68122,"2019-11-30 14:06:05","2019-11-30 14:06:05"
1267,"姉ケ崎",35.47855,140.04147,"2019-11-30 14:06:05","2019-11-30 14:06:05"
1268,"青堀",35.3305,139.85872,"2019-11-30 14:06:06","2019-11-30 14:06:06"
1269,"安房勝山",35.11379,139.83345,"2019-11-30 14:06:06","2019-11-30 14:06:06"
1270,"千倉",34.97682,139.95458,"2019-11-30 14:06:06","2019-11-30 14:06:06"
1271,"千歳",34.99151,139.96631,"2019-11-30 14:06:06","2019-11-30 14:06:06"
1272,"江見",35.06221,140.06065,"2019-11-30 14:06:06","2019-11-30 14:06:06"
1273,"太海",35.08137,140.09593,"2019-11-30 14:06:06","2019-11-30 14:06:06"
1274,"五井",35.51299,140.08952,"2019-11-30 14:06:06","2019-11-30 14:06:06"
1275,"浜金谷",35.16802,139.82178,"2019-11-30 14:06:06","2019-11-30 14:06:06"
1276,"浜野",35.55215,140.13202,"2019-11-30 14:06:06","2019-11-30 14:06:06"
1277,"保田",35.14136,139.83789,"2019-11-30 14:06:06","2019-11-30 14:06:06"
1278,"岩井",35.09303,139.84984,"2019-11-30 14:06:06","2019-11-30 14:06:06"
1279,"巌根",35.41466,139.93343,"2019-11-30 14:06:06","2019-11-30 14:06:06"
1280,"上総湊",35.22163,139.87094,"2019-11-30 14:06:06","2019-11-30 14:06:06"
1281,"君津",35.33356,139.89538,"2019-11-30 14:06:06","2019-11-30 14:06:06"
1282,"九重",34.99749,139.91123,"2019-11-30 14:06:06","2019-11-30 14:06:06"
1283,"南三原",35.0211,139.979,"2019-11-30 14:06:06","2019-11-30 14:06:06"
1284,"長浦",35.45022,139.99509,"2019-11-30 14:06:06","2019-11-30 14:06:06"
1285,"那古船形",35.02887,139.85123,"2019-11-30 14:06:06","2019-11-30 14:06:06"
1286,"大貫",35.29162,139.85539,"2019-11-30 14:06:06","2019-11-30 14:06:06"
1287,"佐貫町",35.25996,139.87594,"2019-11-30 14:06:06","2019-11-30 14:06:06"
1288,"袖ケ浦",35.43216,139.95789,"2019-11-30 14:06:06","2019-11-30 14:06:06"
1289,"竹岡",35.19746,139.82984,"2019-11-30 14:06:06","2019-11-30 14:06:06"
1290,"館山",34.99554,139.86179,"2019-11-30 14:06:06","2019-11-30 14:06:06"
1291,"富浦",35.04534,139.8379,"2019-11-30 14:06:06","2019-11-30 14:06:06"
1292,"和田浦",35.04179,140.01966,"2019-11-30 14:06:06","2019-11-30 14:06:06"
1293,"八幡宿",35.53604,140.1198,"2019-11-30 14:06:06","2019-11-30 14:06:06"
1294,"蓮田",35.98098,139.65287,"2019-11-30 14:06:07","2019-11-30 14:06:07"
1295,"東大宮",35.94821,139.6401,"2019-11-30 14:06:07","2019-11-30 14:06:07"
1296,"東鷲宮",36.08958,139.67953,"2019-11-30 14:06:07","2019-11-30 14:06:07"
1297,"石橋",36.43621,139.86645,"2019-11-30 14:06:07","2019-11-30 14:06:07"
1298,"自治医大",36.39538,139.85451,"2019-11-30 14:06:07","2019-11-30 14:06:07"
1299,"蒲須坂",36.72063,139.9506,"2019-11-30 14:06:07","2019-11-30 14:06:07"
1300,"片岡",36.75451,139.94559,"2019-11-30 14:06:07","2019-11-30 14:06:07"
1301,"小金井",36.37427,139.84201,"2019-11-30 14:06:07","2019-11-30 14:06:07"
1302,"古河",36.19429,139.70953,"2019-11-30 14:06:07","2019-11-30 14:06:07"
1303,"黒磯",36.97026,140.06011,"2019-11-30 14:06:08","2019-11-30 14:06:08"
1304,"間々田",36.2579,139.76091,"2019-11-30 14:06:08","2019-11-30 14:06:08"
1305,"那須塩原",36.93144,140.02114,"2019-11-30 14:06:08","2019-11-30 14:06:08"
1306,"西那須野",36.88366,139.98642,"2019-11-30 14:06:08","2019-11-30 14:06:08"
1307,"野木",36.22984,139.73452,"2019-11-30 14:06:08","2019-11-30 14:06:08"
1308,"野崎",36.84367,139.95809,"2019-11-30 14:06:08","2019-11-30 14:06:08"
1309,"岡本",36.59814,139.94421,"2019-11-30 14:06:08","2019-11-30 14:06:08"
1310,"新白岡",36.03847,139.67204,"2019-11-30 14:06:08","2019-11-30 14:06:08"
1311,"白岡",36.01764,139.66676,"2019-11-30 14:06:08","2019-11-30 14:06:08"
1312,"雀宮",36.49371,139.877,"2019-11-30 14:06:08","2019-11-30 14:06:08"
1313,"土呂",35.93182,139.63204,"2019-11-30 14:06:08","2019-11-30 14:06:08"
1314,"氏家",36.68147,139.96199,"2019-11-30 14:06:08","2019-11-30 14:06:08"
1315,"矢板",36.80645,139.93282,"2019-11-30 14:06:08","2019-11-30 14:06:08"
1316,"原宿",35.67129,139.70261,"2019-11-30 14:06:09","2019-11-30 14:06:09"
1317,"目白",35.72018,139.70621,"2019-11-30 14:06:09","2019-11-30 14:06:09"
1318,"大塚",35.73157,139.72788,"2019-11-30 14:06:09","2019-11-30 14:06:09"
1319,"新大久保",35.70074,139.7001,"2019-11-30 14:06:09","2019-11-30 14:06:09"
1320,"相原",35.60685,139.33153,"2019-11-30 14:06:10","2019-11-30 14:06:10"
1321,"淵野辺",35.56824,139.39541,"2019-11-30 14:06:10","2019-11-30 14:06:10"
1322,"八王子みなみ野",35.63184,139.33125,"2019-11-30 14:06:10","2019-11-30 14:06:10"
1323,"鴨居",35.51075,139.56623,"2019-11-30 14:06:10","2019-11-30 14:06:10"
1324,"片倉",35.63962,139.34125,"2019-11-30 14:06:10","2019-11-30 14:06:10"
1325,"菊名",35.50964,139.63012,"2019-11-30 14:06:10","2019-11-30 14:06:10"
1326,"古淵",35.55602,139.41874,"2019-11-30 14:06:10","2019-11-30 14:06:10"
1327,"小机",35.50853,139.59956,"2019-11-30 14:06:10","2019-11-30 14:06:10"
1328,"町田",35.54158,139.44624,"2019-11-30 14:06:10","2019-11-30 14:06:10"
1329,"長津田",35.53158,139.49513,"2019-11-30 14:06:10","2019-11-30 14:06:10"
1330,"成瀬",35.53519,139.47263,"2019-11-30 14:06:10","2019-11-30 14:06:10"
1331,"大口",35.49215,139.64623,"2019-11-30 14:06:10","2019-11-30 14:06:10"
1332,"相模原",35.5813,139.37041,"2019-11-30 14:06:10","2019-11-30 14:06:10"
1333,"十日市場",35.5263,139.51662,"2019-11-30 14:06:10","2019-11-30 14:06:10"
1334,"矢部",35.57296,139.38652,"2019-11-30 14:06:10","2019-11-30 14:06:10"
1335,"YRP野比",35.212021,139.685078,"2019-11-30 14:06:10","2019-11-30 14:06:10"
1336,"堀ノ内",35.263653,139.686663,"2019-11-30 14:06:10","2019-11-30 14:06:10"
1337,"京急久里浜",35.230929,139.70237,"2019-11-30 14:06:10","2019-11-30 14:06:10"
1338,"京急長沢",35.205719,139.674331,"2019-11-30 14:06:10","2019-11-30 14:06:10"
1339,"北久里浜",35.250646,139.686574,"2019-11-30 14:06:10","2019-11-30 14:06:10"
1340,"三崎口",35.177435,139.633482,"2019-11-30 14:06:10","2019-11-30 14:06:10"
1341,"三浦海岸",35.186584,139.653619,"2019-11-30 14:06:11","2019-11-30 14:06:11"
1342,"新大津",35.256904,139.690102,"2019-11-30 14:06:11","2019-11-30 14:06:11"
1343,"津久井浜",35.198708,139.665787,"2019-11-30 14:06:11","2019-11-30 14:06:11"
1344,"東逗子",35.29856,139.6018,"2019-11-30 14:06:11","2019-11-30 14:06:11"
1345,"鎌倉",35.31911,139.55013,"2019-11-30 14:06:11","2019-11-30 14:06:11"
1346,"衣笠",35.2569,139.66124,"2019-11-30 14:06:11","2019-11-30 14:06:11"
1347,"北鎌倉",35.33772,139.54458,"2019-11-30 14:06:11","2019-11-30 14:06:11"
1348,"久里浜",35.23301,139.70068,"2019-11-30 14:06:11","2019-11-30 14:06:11"
1349,"田浦",35.29272,139.63735,"2019-11-30 14:06:11","2019-11-30 14:06:11"
1350,"横須賀",35.28411,139.65485,"2019-11-30 14:06:11","2019-11-30 14:06:11"
1351,"逗子",35.29757,139.57871,"2019-11-30 14:06:11","2019-11-30 14:06:11"
1352,"長後",35.41251,139.46543,"2019-11-30 14:06:12","2019-11-30 14:06:12"
1353,"中央林間",35.50755,139.4441,"2019-11-30 14:06:12","2019-11-30 14:06:12"
1354,"藤沢本町",35.34812,139.47601,"2019-11-30 14:06:12","2019-11-30 14:06:12"
1355,"東林間",35.52051,139.4389,"2019-11-30 14:06:12","2019-11-30 14:06:12"
1356,"本鵠沼",35.331,139.47528,"2019-11-30 14:06:12","2019-11-30 14:06:12"
1357,"片瀬江ノ島",35.30906,139.48321,"2019-11-30 14:06:12","2019-11-30 14:06:12"
1358,"高座渋谷",35.43231,139.46467,"2019-11-30 14:06:12","2019-11-30 14:06:12"
1359,"鵠沼海岸",35.32086,139.47118,"2019-11-30 14:06:12","2019-11-30 14:06:12"
1360,"南林間",35.49573,139.44799,"2019-11-30 14:06:12","2019-11-30 14:06:12"
1361,"六会日大前",35.38358,139.47083,"2019-11-30 14:06:12","2019-11-30 14:06:12"
1362,"相模大野",35.53199,139.43762,"2019-11-30 14:06:12","2019-11-30 14:06:12"
1363,"桜ヶ丘",35.45056,139.46574,"2019-11-30 14:06:12","2019-11-30 14:06:12"
1364,"鶴間",35.49021,139.45084,"2019-11-30 14:06:12","2019-11-30 14:06:12"
1365,"大和",35.46991,139.4614,"2019-11-30 14:06:12","2019-11-30 14:06:12"
1366,"善行",35.36279,139.47325,"2019-11-30 14:06:12","2019-11-30 14:06:12"
1367,"生田",35.61501,139.54221,"2019-11-30 14:06:12","2019-11-30 14:06:12"
1368,"愛甲石田",35.41764,139.34394,"2019-11-30 14:06:12","2019-11-30 14:06:12"
1369,"足柄",35.27181,139.15445,"2019-11-30 14:06:12","2019-11-30 14:06:12"
1370,"千歳船橋",35.64742,139.62401,"2019-11-30 14:06:12","2019-11-30 14:06:12"
1371,"豪徳寺",35.65374,139.64735,"2019-11-30 14:06:12","2019-11-30 14:06:12"
1372,"秦野",35.37025,139.22577,"2019-11-30 14:06:12","2019-11-30 14:06:12"
1373,"東北沢",35.6656,139.67322,"2019-11-30 14:06:12","2019-11-30 14:06:12"
1374,"本厚木",35.43936,139.36429,"2019-11-30 14:06:12","2019-11-30 14:06:12"
1375,"螢田",35.28506,139.15197,"2019-11-30 14:06:13","2019-11-30 14:06:13"
1376,"伊勢原",35.396,139.31351,"2019-11-30 14:06:13","2019-11-30 14:06:13"
1377,"和泉多摩川",35.62748,139.57369,"2019-11-30 14:06:13","2019-11-30 14:06:13"
1378,"開成",35.32627,139.13606,"2019-11-30 14:06:13","2019-11-30 14:06:13"
1379,"柿生",35.58965,139.4976,"2019-11-30 14:06:13","2019-11-30 14:06:13"
1380,"栢山",35.31059,139.14254,"2019-11-30 14:06:13","2019-11-30 14:06:13"
1381,"喜多見",35.63651,139.58686,"2019-11-30 14:06:13","2019-11-30 14:06:13"
1382,"狛江",35.63216,139.57726,"2019-11-30 14:06:13","2019-11-30 14:06:13"
1383,"経堂",35.65125,139.63662,"2019-11-30 14:06:13","2019-11-30 14:06:13"
1384,"南新宿",35.68347,139.69851,"2019-11-30 14:06:13","2019-11-30 14:06:13"
1385,"向ヶ丘遊園",35.61721,139.56452,"2019-11-30 14:06:13","2019-11-30 14:06:13"
1386,"小田急相模原",35.51513,139.4226,"2019-11-30 14:06:13","2019-11-30 14:06:13"
1387,"参宮橋",35.67871,139.69355,"2019-11-30 14:06:13","2019-11-30 14:06:13"
1388,"成城学園前",35.64015,139.59916,"2019-11-30 14:06:13","2019-11-30 14:06:13"
1389,"世田谷代田",35.65808,139.66101,"2019-11-30 14:06:13","2019-11-30 14:06:13"
1390,"渋沢",35.37415,139.18451,"2019-11-30 14:06:13","2019-11-30 14:06:13"
1391,"新松田",35.34476,139.13965,"2019-11-30 14:06:13","2019-11-30 14:06:13"
1392,"新百合ヶ丘",35.60384,139.50772,"2019-11-30 14:06:13","2019-11-30 14:06:13"
1393,"相武台前",35.49913,139.4084,"2019-11-30 14:06:13","2019-11-30 14:06:13"
1394,"祖師ヶ谷大蔵",35.64327,139.60971,"2019-11-30 14:06:13","2019-11-30 14:06:13"
1395,"玉川学園前",35.56332,139.46332,"2019-11-30 14:06:13","2019-11-30 14:06:13"
1396,"東海大学前",35.37314,139.27123,"2019-11-30 14:06:13","2019-11-30 14:06:13"
1397,"富水",35.29657,139.14518,"2019-11-30 14:06:13","2019-11-30 14:06:13"
1398,"鶴川",35.58306,139.48136,"2019-11-30 14:06:13","2019-11-30 14:06:13"
1399,"鶴巻温泉",35.38094,139.27775,"2019-11-30 14:06:13","2019-11-30 14:06:13"
1400,"梅ヶ丘",35.65602,139.6536,"2019-11-30 14:06:13","2019-11-30 14:06:13"
1401,"読売ランド前",35.61477,139.5279,"2019-11-30 14:06:13","2019-11-30 14:06:13"
1402,"代々木八幡",35.66948,139.68863,"2019-11-30 14:06:13","2019-11-30 14:06:13"
1403,"百合ヶ丘",35.60906,139.51618,"2019-11-30 14:06:13","2019-11-30 14:06:13"
1404,"座間",35.48069,139.39993,"2019-11-30 14:06:13","2019-11-30 14:06:13"
1405,"はるひ野",35.61888,139.46453,"2019-11-30 14:06:14","2019-11-30 14:06:14"
1406,"唐木田",35.61582,139.41112,"2019-11-30 14:06:14","2019-11-30 14:06:14"
1407,"栗平",35.60599,139.4809,"2019-11-30 14:06:14","2019-11-30 14:06:14"
1408,"黒川",35.61306,139.47089,"2019-11-30 14:06:14","2019-11-30 14:06:14"
1409,"小田急永山",35.62987,139.4483,"2019-11-30 14:06:14","2019-11-30 14:06:14"
1410,"小田急多摩センター",35.62495,139.42443,"2019-11-30 14:06:14","2019-11-30 14:06:14"
1411,"五月台",35.60014,139.49365,"2019-11-30 14:06:14","2019-11-30 14:06:14"
1412,"穴守稲荷",35.550415,139.747002,"2019-11-30 14:06:14","2019-11-30 14:06:14"
1413,"羽田空港国内線ターミナル",35.550074,139.783202,"2019-11-30 14:06:14","2019-11-30 14:06:14"
1414,"羽田空港国際線ターミナル",35.54523,139.768107,"2019-11-30 14:06:14","2019-11-30 14:06:14"
1415,"京急蒲田",35.560659,139.723725,"2019-11-30 14:06:14","2019-11-30 14:06:14"
1416,"糀谷",35.55453,139.72992,"2019-11-30 14:06:14","2019-11-30 14:06:14"
1417,"大鳥居",35.552608,139.739219,"2019-11-30 14:06:14","2019-11-30 14:06:14"
1418,"天空橋",35.548732,139.754041,"2019-11-30 14:06:14","2019-11-30 14:06:14"
1419,"東門前",35.536714,139.73471,"2019-11-30 14:06:14","2019-11-30 14:06:14"
1420,"川崎大師",35.535614,139.726157,"2019-11-30 14:06:14","2019-11-30 14:06:14"
1421,"京急川崎",35.532467,139.700709,"2019-11-30 14:06:15","2019-11-30 14:06:15"
1422,"小島新田",35.534825,139.747862,"2019-11-30 14:06:15","2019-11-30 14:06:15"
1423,"港町",35.5349,139.712566,"2019-11-30 14:06:15","2019-11-30 14:06:15"
1424,"産業道路",35.5367,139.74086,"2019-11-30 14:06:15","2019-11-30 14:06:15"
1425,"鈴木町",35.535333,139.720271,"2019-11-30 14:06:15","2019-11-30 14:06:15"
1426,"追浜",35.315833,139.624916,"2019-11-30 14:06:15","2019-11-30 14:06:15"
1427,"安針塚",35.286766,139.642981,"2019-11-30 14:06:15","2019-11-30 14:06:15"
1428,"青物横丁",35.609505,139.742771,"2019-11-30 14:06:15","2019-11-30 14:06:15"
1429,"屏風浦",35.394628,139.610201,"2019-11-30 14:06:15","2019-11-30 14:06:15"
1430,"平和島",35.578732,139.734865,"2019-11-30 14:06:15","2019-11-30 14:06:15"
1431,"逸見",35.280689,139.65283,"2019-11-30 14:06:15","2019-11-30 14:06:15"
1432,"日ノ出町",35.445513,139.626854,"2019-11-30 14:06:15","2019-11-30 14:06:15"
1433,"井土ヶ谷",35.433787,139.601401,"2019-11-30 14:06:15","2019-11-30 14:06:15"
1434,"花月園前",35.500396,139.672974,"2019-11-30 14:06:15","2019-11-30 14:06:15"
1435,"神奈川新町",35.480879,139.639608,"2019-11-30 14:06:15","2019-11-30 14:06:15"
1436,"神奈川",35.470321,139.627523,"2019-11-30 14:06:15","2019-11-30 14:06:15"
1437,"金沢文庫",35.343547,139.621947,"2019-11-30 14:06:15","2019-11-30 14:06:15"
1438,"金沢八景",35.33121,139.620358,"2019-11-30 14:06:15","2019-11-30 14:06:15"
1439,"京急大津",35.260854,139.696121,"2019-11-30 14:06:15","2019-11-30 14:06:15"
1440,"京急新子安",35.486896,139.655476,"2019-11-30 14:06:15","2019-11-30 14:06:15"
1441,"京急田浦",35.300847,139.625658,"2019-11-30 14:06:15","2019-11-30 14:06:15"
1442,"京急富岡",35.367116,139.629902,"2019-11-30 14:06:15","2019-11-30 14:06:15"
1443,"京急鶴見",35.507201,139.678004,"2019-11-30 14:06:15","2019-11-30 14:06:15"
1444,"県立大学",35.269919,139.676795,"2019-11-30 14:06:15","2019-11-30 14:06:15"
1445,"北品川",35.622066,139.739202,"2019-11-30 14:06:15","2019-11-30 14:06:15"
1446,"黄金町",35.43983,139.622843,"2019-11-30 14:06:15","2019-11-30 14:06:15"
1447,"子安",35.484592,139.645006,"2019-11-30 14:06:15","2019-11-30 14:06:15"
1448,"馬堀海岸",35.259651,139.707389,"2019-11-30 14:06:15","2019-11-30 14:06:15"
1449,"南太田",35.436873,139.61397,"2019-11-30 14:06:15","2019-11-30 14:06:15"
1450,"仲木戸",35.477287,139.634361,"2019-11-30 14:06:15","2019-11-30 14:06:15"
1451,"生麦",35.49533,139.666949,"2019-11-30 14:06:15","2019-11-30 14:06:15"
1452,"能見台",35.360861,139.629453,"2019-11-30 14:06:15","2019-11-30 14:06:15"
1453,"大森海岸",35.587456,139.735143,"2019-11-30 14:06:15","2019-11-30 14:06:15"
1454,"大森町",35.572594,139.732152,"2019-11-30 14:06:15","2019-11-30 14:06:15"
1455,"六郷土手",35.540782,139.707686,"2019-11-30 14:06:15","2019-11-30 14:06:15"
1456,"鮫洲",35.605307,139.74276,"2019-11-30 14:06:15","2019-11-30 14:06:15"
1457,"新馬場",35.617634,139.741368,"2019-11-30 14:06:15","2019-11-30 14:06:15"
1458,"汐入",35.280095,139.661996,"2019-11-30 14:06:15","2019-11-30 14:06:15"
1459,"杉田",35.384224,139.615364,"2019-11-30 14:06:15","2019-11-30 14:06:15"
1460,"立会川",35.598261,139.738573,"2019-11-30 14:06:15","2019-11-30 14:06:15"
1461,"戸部",35.456787,139.619508,"2019-11-30 14:06:15","2019-11-30 14:06:15"
1462,"鶴見市場",35.51781,139.6866,"2019-11-30 14:06:16","2019-11-30 14:06:16"
1463,"梅屋敷",35.566901,139.728347,"2019-11-30 14:06:16","2019-11-30 14:06:16"
1464,"浦賀",35.251635,139.714194,"2019-11-30 14:06:16","2019-11-30 14:06:16"
1465,"横須賀中央",35.278592,139.67052,"2019-11-30 14:06:16","2019-11-30 14:06:16"
1466,"雑色",35.549526,139.714933,"2019-11-30 14:06:16","2019-11-30 14:06:16"
1467,"神武寺",35.306399,139.593277,"2019-11-30 14:06:16","2019-11-30 14:06:16"
1468,"六浦",35.327696,139.620828,"2019-11-30 14:06:16","2019-11-30 14:06:16"
1469,"新逗子",35.295851,139.581192,"2019-11-30 14:06:16","2019-11-30 14:06:16"
1470,"青葉台",35.542911,139.517349,"2019-11-30 14:06:16","2019-11-30 14:06:16"
1471,"江田",35.558529,139.551559,"2019-11-30 14:06:16","2019-11-30 14:06:16"
1472,"藤が丘",35.543626,139.528023,"2019-11-30 14:06:16","2019-11-30 14:06:16"
1473,"二子新地",35.607133,139.622419,"2019-11-30 14:06:16","2019-11-30 14:06:16"
1474,"二子玉川",35.612226,139.627213,"2019-11-30 14:06:16","2019-11-30 14:06:16"
1475,"市が尾",35.551402,139.54118,"2019-11-30 14:06:16","2019-11-30 14:06:16"
1476,"池尻大橋",35.650526,139.683642,"2019-11-30 14:06:16","2019-11-30 14:06:16"
1477,"梶が谷",35.593779,139.605694,"2019-11-30 14:06:16","2019-11-30 14:06:16"
1478,"駒沢大学",35.634069,139.661652,"2019-11-30 14:06:17","2019-11-30 14:06:17"
1479,"南町田グランベリーパーク",35.511397,139.470751,"2019-11-30 14:06:17","2019-11-30 14:06:17"
1480,"宮前平",35.584939,139.581552,"2019-11-30 14:06:17","2019-11-30 14:06:17"
1481,"宮崎台",35.587537,139.591677,"2019-11-30 14:06:17","2019-11-30 14:06:17"
1482,"溝の口",35.599964,139.610623,"2019-11-30 14:06:17","2019-11-30 14:06:17"
1483,"鷺沼",35.579526,139.572854,"2019-11-30 14:06:17","2019-11-30 14:06:17"
1484,"桜新町",35.631997,139.644971,"2019-11-30 14:06:17","2019-11-30 14:06:17"
1485,"三軒茶屋",35.644148,139.669257,"2019-11-30 14:06:17","2019-11-30 14:06:17"
1486,"すずかけ台",35.517427,139.482133,"2019-11-30 14:06:17","2019-11-30 14:06:17"
1487,"高津",35.603062,139.61669,"2019-11-30 14:06:17","2019-11-30 14:06:17"
1488,"たまプラーザ",35.577407,139.558583,"2019-11-30 14:06:17","2019-11-30 14:06:17"
1489,"田奈",35.536434,139.504835,"2019-11-30 14:06:17","2019-11-30 14:06:17"
1490,"つきみ野",35.510318,139.458054,"2019-11-30 14:06:17","2019-11-30 14:06:17"
1491,"つくし野",35.525317,139.484478,"2019-11-30 14:06:17","2019-11-30 14:06:17"
1492,"用賀",35.626131,139.634183,"2019-11-30 14:06:17","2019-11-30 14:06:17"
1493,"千鳥町",35.57278,139.691558,"2019-11-30 14:06:17","2019-11-30 14:06:17"
1494,"荏原中延",35.610001,139.711985,"2019-11-30 14:06:17","2019-11-30 14:06:17"
1495,"蓮沼",35.564387,139.708594,"2019-11-30 14:06:17","2019-11-30 14:06:17"
1496,"旗の台",35.604784,139.702896,"2019-11-30 14:06:17","2019-11-30 14:06:17"
1497,"池上",35.572147,139.702896,"2019-11-30 14:06:17","2019-11-30 14:06:17"
1498,"石川台",35.596999,139.685571,"2019-11-30 14:06:17","2019-11-30 14:06:17"
1499,"久が原",35.579837,139.685347,"2019-11-30 14:06:17","2019-11-30 14:06:17"
1500,"長原",35.602201,139.697689,"2019-11-30 14:06:17","2019-11-30 14:06:17"
1501,"御嶽山",35.585344,139.682156,"2019-11-30 14:06:17","2019-11-30 14:06:17"
1502,"大崎広小路",35.622722,139.722711,"2019-11-30 14:06:17","2019-11-30 14:06:17"
1503,"洗足池",35.599929,139.691409,"2019-11-30 14:06:17","2019-11-30 14:06:17"
1504,"戸越銀座",35.615775,139.714764,"2019-11-30 14:06:17","2019-11-30 14:06:17"
1505,"雪が谷大塚",35.59201,139.680964,"2019-11-30 14:06:17","2019-11-30 14:06:17"
1506,"こどもの国",35.558366,139.486418,"2019-11-30 14:06:18","2019-11-30 14:06:18"
1507,"恩田",35.545587,139.491938,"2019-11-30 14:06:18","2019-11-30 14:06:18"
1508,"田園調布",35.596893,139.66729,"2019-11-30 14:06:18","2019-11-30 14:06:18"
1509,"不動前",35.625773,139.713598,"2019-11-30 14:06:18","2019-11-30 14:06:18"
1510,"元住吉",35.56461,139.653993,"2019-11-30 14:06:18","2019-11-30 14:06:18"
1511,"武蔵小山",35.620654,139.704515,"2019-11-30 14:06:18","2019-11-30 14:06:18"
1512,"西小山",35.615743,139.698888,"2019-11-30 14:06:18","2019-11-30 14:06:18"
1513,"奥沢",35.603731,139.6721,"2019-11-30 14:06:18","2019-11-30 14:06:18"
1514,"大岡山",35.607487,139.685643,"2019-11-30 14:06:18","2019-11-30 14:06:18"
1515,"洗足",35.610303,139.694316,"2019-11-30 14:06:18","2019-11-30 14:06:18"
1516,"新丸子",35.580296,139.661941,"2019-11-30 14:06:18","2019-11-30 14:06:18"
1517,"多摩川",35.589219,139.668874,"2019-11-30 14:06:18","2019-11-30 14:06:18"
1518,"荏原町",35.603771,139.707904,"2019-11-30 14:06:19","2019-11-30 14:06:19"
1519,"自由が丘",35.607349,139.668532,"2019-11-30 14:06:19","2019-11-30 14:06:19"
1520,"上野毛",35.611844,139.639125,"2019-11-30 14:06:19","2019-11-30 14:06:19"
1521,"北千束",35.606322,139.693215,"2019-11-30 14:06:19","2019-11-30 14:06:19"
1522,"九品仏",35.605339,139.661468,"2019-11-30 14:06:19","2019-11-30 14:06:19"
1523,"緑が丘",35.606455,139.679127,"2019-11-30 14:06:19","2019-11-30 14:06:19"
1524,"尾山台",35.607179,139.653401,"2019-11-30 14:06:19","2019-11-30 14:06:19"
1525,"下神明",35.608815,139.726303,"2019-11-30 14:06:19","2019-11-30 14:06:19"
1526,"等々力",35.608463,139.647552,"2019-11-30 14:06:19","2019-11-30 14:06:19"
1527,"戸越公園",35.6088,139.71806,"2019-11-30 14:06:19","2019-11-30 14:06:19"
1528,"上町",35.643417,139.646617,"2019-11-30 14:06:19","2019-11-30 14:06:19"
1529,"松原",35.660059,139.642004,"2019-11-30 14:06:19","2019-11-30 14:06:19"
1530,"宮の坂",35.647878,139.644941,"2019-11-30 14:06:19","2019-11-30 14:06:19"
1531,"西太子堂",35.644844,139.666036,"2019-11-30 14:06:19","2019-11-30 14:06:19"
1532,"世田谷",35.643463,139.650714,"2019-11-30 14:06:19","2019-11-30 14:06:19"
1533,"松陰神社前",35.643998,139.655242,"2019-11-30 14:06:19","2019-11-30 14:06:19"
1534,"若林",35.646,139.659886,"2019-11-30 14:06:19","2019-11-30 14:06:19"
1535,"武蔵新田",35.567942,139.692265,"2019-11-30 14:06:19","2019-11-30 14:06:19"
1536,"沼部",35.582398,139.673246,"2019-11-30 14:06:19","2019-11-30 14:06:19"
1537,"下丸子",35.571169,139.685759,"2019-11-30 14:06:19","2019-11-30 14:06:19"
1538,"鵜の木",35.575263,139.680629,"2019-11-30 14:06:19","2019-11-30 14:06:19"
1539,"矢口渡",35.562017,139.700086,"2019-11-30 14:06:19","2019-11-30 14:06:19"
1540,"代官山",35.648043,139.703084,"2019-11-30 14:06:20","2019-11-30 14:06:20"
1541,"学芸大学",35.628969,139.685394,"2019-11-30 14:06:20","2019-11-30 14:06:20"
1542,"白楽",35.489052,139.628419,"2019-11-30 14:06:20","2019-11-30 14:06:20"
1543,"東白楽",35.48332,139.629486,"2019-11-30 14:06:20","2019-11-30 14:06:20"
1544,"妙蓮寺",35.498474,139.63315,"2019-11-30 14:06:20","2019-11-30 14:06:20"
1545,"大倉山",35.521883,139.629947,"2019-11-30 14:06:20","2019-11-30 14:06:20"
1546,"反町",35.474718,139.625248,"2019-11-30 14:06:20","2019-11-30 14:06:20"
1547,"都立大学",35.617187,139.675951,"2019-11-30 14:06:20","2019-11-30 14:06:20"
1548,"綱島",35.536462,139.634543,"2019-11-30 14:06:20","2019-11-30 14:06:20"
1549,"祐天寺",35.637482,139.690894,"2019-11-30 14:06:20","2019-11-30 14:06:20"
